1134.95,-0.41
1151.75,1.18
1172.23,-1.27
1168.24,0.05
1166.76,-0.06
1178.48,0.18
1169.54,-0.6
1189.26,0.39
1186.25,-0.04
1184.45,0.18
1183.25,1.26
1180.26,0.81
1198.74,-0.6
1189.26,1.12
1195.72,1.58
1206.51,-0.91
1185.59,-0.25
1196.26,2.2
1211.48,0.46
1214.5,1.17
1216.51,0.99
1232.25,0.19
1218.83,-0.15
1185.16,1.06
1194.07,0.31
1204.35,-0.2
1219.74,0.0
1228.25,-0.51
1233.49,-1.21
1224.54,-0.16
1230.73,-1.25
1236.26,0.89
1238.28,1.23
1245.27,0.63
1255.23,1.25
1262.01,1.06
1269.5,0.27
1269.54,1.75
1269.56,-0.31
1252.74,-0.33
1253.5,-0.22
1250.06,0.5
1247.42,-0.13
1272.21,-0.04
1304.33,0.42
1301.38,-0.72
1269.49,0.29
1261.99,-0.66
1266.24,0.99
1257.27,-0.18
1280.29,0.92
1294.25,1.54
1255.34,-0.68
1262.43,1.4
1272.78,-0.47
1289.27,0.85
1312.77,-0.22
1321.0,0.43
1286.44,0.56
1238.22,0.46
1235.77,-1.57
1220.23,0.18
1239.92,1.26
1284.53,0.21
1299.84,0.73
1289.82,1.23
1268.33,1.92
1240.82,0.47
1256.92,1.4
1252.31,-0.93
1264.46,-0.12
1284.59,-0.59
1287.24,-0.26
1265.01,0.06
1251.51,0.29
1265.72,0.2
1276.75,-0.51
1292.97,1.12
1301.34,-0.47
1248.0,0.96
1227.74,-0.09
1256.57,-0.59
1247.5,1.54
1253.84,-0.97
1261.45,-0.09
1191.96,0.73
1231.43,-0.31
1272.76,0.16
1276.05,0.87
1292.75,0.55
1293.53,1.09
1261.8,-0.83
1260.47,-0.08
1209.66,2.3
1205.44,1.1
1251.64,0.25
1265.57,0.96
1242.52,0.88
1237.14,-0.15
1245.16,0.2
1270.44,-0.46
1273.53,1.27
1287.25,1.07
1295.79,0.01
1271.32,-0.17
1282.24,1.42
1287.28,0.82
1299.22,1.55
1303.75,0.33
1319.57,1.4
1307.25,0.8
1295.78,0.43
1293.88,0.61
1317.48,0.54
1314.79,0.7
1321.22,0.81
1353.36,0.65
1358.36,0.71
1336.25,-1.48
1339.03,-0.26
1298.63,0.21
1298.76,1.29
1300.16,0.19
1267.21,0.89
1279.11,0.53
1300.38,0.18
1305.72,0.34
1314.14,0.34
1207.77,0.07
1200.71,0.71
1225.45,-0.26
1263.13,-0.18
1242.98,0.32
1193.06,0.6
1239.76,0.21
1242.38,0.19
1181.55,0.34
1174.53,0.7
1233.61,0.88
1286.2,0.02
1245.64,0.4
1192.79,1.12
1235.04,-0.32
1289.5,-0.52
1287.61,0.01
1262.78,0.73
1262.33,-0.07
1057.79,-1.19
1107.81,1.05
1162.81,-0.32
1111.91,1.53
1069.55,0.22
1178.11,0.85
1191.04,1.28
1067.03,0.55
1087.9,0.41
1150.48,1.09
1182.11,0.63
1205.05,1.02
1183.9,0.31
1150.5,0.17
1125.36,0.39
1158.02,-0.01
1210.36,-0.23
1160.57,-0.56
1168.68,0.98
1218.41,0.72
1245.98,2.0
1201.38,-0.72
1141.64,-0.62
1120.21,0.05
1129.65,1.29
1179.48,-0.76
1115.63,-0.12
1043.1,1.06
1085.56,1.9
1128.18,0.41
1120.77,0.7
1071.21,0.12
1142.33,-1.27
1191.26,0.14
1192.98,-0.24
1202.75,0.05
1193.0,0.87
1213.71,1.25
1206.52,-0.06
1214.81,-0.06
1201.75,-0.57
1171.09,0.2
1193.63,0.27
1218.09,1.04
1238.18,0.61
1241.25,0.38
1231.94,1.1
1256.1,-0.58
1283.36,0.24
1272.07,0.84
1269.59,0.68
1255.75,-0.5
1241.56,-0.84
1252.73,-0.54
1265.22,0.88
1258.29,-0.79
1258.61,-1.84
1267.15,-0.21
1269.6,-0.56
1308.62,0.4
1315.75,0.97
1336.13,-0.68
1360.18,0.41
1295.76,-0.12
1306.03,-0.21
1309.63,0.28
1254.29,0.88
1289.35,0.85
1318.77,0.24
1317.85,-0.61
1335.28,0.34
1323.69,0.37
1307.6,0.31
1247.49,-0.01
1272.63,1.15
1270.69,0.62
1284.24,0.51
1295.6,-0.08
1310.47,0.94
1298.31,0.69
1338.61,-0.32
1360.03,1.86
1341.3,1.27
1368.46,1.51
1373.16,0.26
1358.24,0.33
1331.23,0.35
1339.55,0.01
1377.13,0.74
1398.3,0.41
1430.05,-0.07
1443.7,0.49
1393.18,1.6
1362.93,0.26
1311.64,-0.19
1319.53,-0.48
1390.01,-0.15
1419.67,1.14
1359.06,0.14
1326.64,0.21
1336.56,1.11
1375.91,0.34
1353.59,-0.7
1352.17,-0.37
1405.42,0.6
1408.47,0.56
1382.0,2.22
1417.16,-1.4
1389.74,-0.03
1378.09,-0.48
1386.01,-0.04
1328.04,-0.86
1329.77,0.29
1368.8,-0.25
1357.54,0.85
1367.89,0.92
1334.54,0.9
1338.03,-0.15
1328.27,1.68
1382.09,0.99
1432.93,0.59
1392.94,0.72
1362.31,0.24
1359.57,-0.41
1361.34,-0.43
1335.51,0.24
1317.4,-0.87
1324.96,-0.49
1372.63,1.61
1402.74,0.67
1385.8,0.61
1391.0,0.07
1416.7,-1.14
1397.33,0.91
1422.74,-0.59
1436.4,0.43
1411.99,-0.59
1432.19,0.72
1416.26,0.89
1455.98,0.29
1402.88,-0.29
1365.84,1.39
1394.65,-0.34
1381.39,-1.12
1422.26,-0.02
1435.0,-0.7
1382.91,0.57
1382.78,-0.68
1423.14,0.25
1425.01,-0.24
1420.85,0.81
1461.26,-0.3
1445.52,0.08
1471.64,0.45
1504.69,-0.01
1460.75,1.18
1462.74,0.37
1451.7,-0.16
1387.12,0.19
1367.75,0.91
1412.56,-0.53
1462.93,-0.85
1460.99,0.12
1481.31,0.8
1502.22,-0.41
1500.25,1.36
1461.33,-0.45
1426.72,-1.06
1476.82,0.47
1455.33,0.22
1443.6,0.39
1440.47,0.46
1446.21,-0.22
1455.3,0.33
1440.4,1.13
1465.83,0.67
1522.68,0.01
1453.84,0.46
1438.46,0.4
1429.52,0.47
1458.31,-0.09
1483.41,-0.25
1486.91,1.33
1441.04,-0.22
1394.52,-1.25
1406.44,0.02
1386.74,0.12
1410.09,0.97
1390.73,-0.56
1383.49,0.52
1375.79,0.07
1416.05,-0.0
1448.14,1.22
1445.4,2.73
1450.36,0.44
1412.51,1.28
1393.99,0.4
1387.83,-0.75
1380.11,0.32
1404.83,-0.07
1431.7,-0.14
1444.99,0.36
1464.73,-0.37
1469.62,-0.89
1444.65,0.44
1412.48,0.45
1405.6,-0.37
1414.33,-0.78
1415.34,1.04
1437.81,-0.23
1457.1,0.29
1484.93,0.19
1495.51,-0.06
1486.99,0.31
1486.5,0.97
1512.34,-0.72
1508.08,0.09
1482.29,0.45
1480.09,-0.54
1503.73,1.23
1551.99,0.01
1541.58,1.54
1500.14,0.09
1500.96,0.09
1466.84,-0.13
1456.77,-0.37
1436.29,0.65
1471.54,1.4
1490.82,-0.63
1452.96,0.09
1433.59,0.28
1445.38,0.77
1449.28,0.47
1409.32,0.26
1402.86,1.39
1423.94,0.35
1405.87,-0.67
1350.02,0.54
1385.71,0.44
1371.85,1.08
1388.99,1.63
1420.72,-0.53
1452.8,-0.6
1432.54,-0.17
1393.77,-0.07
1395.12,1.53
1438.43,1.35
1461.0,-0.09
1484.75,-0.62
1501.03,1.65
1484.78,1.45
1421.27,-0.15
1414.29,1.49
1424.5,0.17
1365.73,-0.01
1434.7,0.28
1459.45,-0.93
1440.01,0.12
1428.49,-0.79
1450.33,1.1
1465.86,-0.78
1462.71,-1.77
1405.0,0.75
1378.48,-0.87
1445.96,0.61
1459.18,0.35
1426.69,0.16
1434.99,1.4
1364.5,0.0
1374.13,0.18
1384.15,1.04
1359.61,0.14
1358.01,0.65
1358.71,-0.24
1349.79,1.37
1375.66,0.28
1364.17,0.55
1405.68,0.0
1387.41,-0.2
1419.44,0.61
1476.93,-0.12
1445.32,0.96
1404.82,0.33
1401.51,0.12
1321.55,-0.57
1307.75,-0.59
1340.48,-1.21
1349.77,1.71
1350.47,1.75
1391.14,0.2
1394.05,-0.16
1342.5,0.62
1312.61,0.82
1367.98,1.14
1446.68,-0.97
1447.82,0.05
1420.05,0.7
1421.82,0.43
1442.49,0.58
1453.76,0.13
1459.27,0.65
1437.04,-0.32
1443.69,-0.2
1444.62,0.01
1450.98,0.28
1459.18,0.5
1490.11,-0.36
1488.02,0.95
1505.01,-0.33
1520.49,1.15
1517.74,0.6
1486.5,-0.25
1494.22,-0.68
1507.52,0.37
1505.82,0.81
1457.81,1.92
1456.34,-0.1
1467.13,0.45
1510.19,0.67
1518.75,0.44
1511.5,1.65
1476.52,0.24
1472.99,1.0
1500.78,-0.67
1512.95,0.9
1482.75,0.1
1471.09,-0.6
1497.74,1.13
1508.28,-2.26
1480.87,-0.11
1492.02,-0.32
1493.97,-0.45
1524.68,0.45
1533.49,-0.21
1534.99,0.94
1545.25,0.94
1567.96,1.23
1621.59,1.82
1600.56,-1.39
1487.9,0.11
1460.88,-0.03
1408.77,-0.23
1472.33,-0.18
1553.13,-1.22
1521.8,0.41
1487.4,0.81
1503.26,-0.2
1547.1,1.25
1545.44,0.21
1536.27,-0.4
1564.09,1.25
1570.25,0.01
1468.49,-0.93
1489.69,-0.51
1523.69,0.63
1505.68,0.04
1398.29,0.11
1412.51,0.03
1465.14,-0.07
1461.87,-0.22
1485.09,0.73
1493.0,-0.9
1491.76,1.03
1524.07,0.4
1514.78,0.11
1507.06,0.44
1462.03,0.92
1456.73,-1.08
1469.19,-0.64
1498.55,0.37
1498.46,1.0
1423.04,0.63
1417.32,0.8
1441.33,-0.11
1421.57,-0.1
1386.34,0.05
1368.91,0.65
1410.25,-1.35
1434.24,0.9
1433.51,-0.08
1526.82,-0.82
1477.76,0.22
1391.57,0.48
1384.6,1.15
1461.12,1.66
1493.65,-0.44
1451.62,-0.62
1388.59,-0.53
1369.05,2.33
1469.09,-1.01
1535.58,0.97
1485.39,0.02
1505.81,0.14
1530.86,-0.8
1561.14,-0.03
1609.23,-0.28
1605.84,0.93
1603.94,0.57
1588.26,-0.09
1541.23,0.78
1630.34,-0.12
1584.51,0.13
1488.15,0.11
1526.14,1.48
1544.52,0.4
1591.6,-0.32
1609.03,0.74
1611.33,0.54
1660.91,-0.48
1615.3,-0.35
1336.87,2.19
1369.98,-0.07
1462.15,0.55
1503.04,0.24
1481.48,1.72
1433.7,0.64
1529.4,2.35
1528.6,-0.5
1494.88,1.24
1512.56,0.53
1577.42,0.82
1533.76,-0.36
1466.98,-0.66
1455.01,-0.11
1479.43,0.41
1517.62,0.17
1490.94,0.19
1402.06,0.36
1421.9,0.74
1432.75,-0.39
1476.85,0.57
1530.29,0.04
1543.14,0.17
1558.62,0.82
1486.43,1.16
1455.69,0.02
1427.25,1.21
1440.58,-0.03
1428.98,0.85
1382.89,0.43
1432.81,-0.66
1439.46,-0.17
1448.28,0.05
1512.11,0.9
1547.99,0.64
1484.77,0.68
1498.77,0.48
1524.41,-0.85
1516.87,0.2
1471.04,-0.44
1496.89,0.57
1530.37,0.35
1524.28,1.07
1499.52,0.42
1523.94,0.66
1543.43,0.04
1553.37,0.15
1503.79,1.59
1474.3,0.12
1495.96,0.44
1513.0,-0.45
1510.17,1.2
1463.62,0.6
1491.72,0.22
1521.99,0.18
1472.1,-0.87
1464.1,0.24
1504.43,0.91
1507.28,-0.37
1503.81,-0.7
1517.03,1.22
1516.35,1.1
1550.04,-1.4
1571.49,0.78
1543.32,-0.12
1528.54,0.79
1561.32,0.31
1523.33,0.79
1514.35,-0.01
1530.17,-0.33
1535.06,0.47
1514.4,-0.01
1441.3,-0.58
1449.03,1.17
1474.04,0.86
1457.59,-0.65
1449.18,-0.46
1474.6,1.2
1499.7,0.93
1526.67,-0.59
1523.51,-1.46
1489.01,0.07
1472.24,0.95
1514.93,0.19
1519.52,0.79
1502.03,-0.39
1515.96,0.6
1516.26,0.29
1532.77,-0.1
1527.5,-0.78
1518.5,1.29
1534.98,0.52
1537.5,0.31
1550.33,0.55
1547.3,1.13
1511.66,-0.17
1543.22,1.42
1556.82,0.36
1548.66,1.28
1537.79,0.24
1541.7,-0.09
1529.63,-0.9
1524.65,-0.25
1506.26,0.44
1520.75,0.43
1539.01,-0.44
1498.68,0.58
1478.14,1.05
1489.18,0.03
1483.06,0.16
1453.75,1.98
1462.64,1.79
1477.52,0.85
1440.5,0.33
1431.07,-0.56
1469.46,0.1
1468.16,1.63
1471.51,0.27
1432.53,0.46
1470.07,-0.07
1495.59,-0.87
1446.3,1.04
1464.64,0.68
1445.58,0.41
1401.41,0.13
1306.91,1.23
1369.15,1.42
1447.0,0.83
1360.75,0.68
1286.45,1.17
1357.18,0.44
1405.46,0.78
1444.46,0.36
1456.88,-1.06
1376.26,-0.34
1330.97,0.73
1356.8,0.51
1375.74,2.24
1413.66,0.53
1422.47,0.44
1427.26,1.16
1433.5,1.21
1469.62,-0.37
1498.78,0.22
1454.01,-0.49
1449.52,0.17
1380.09,0.04
1312.26,0.84
1375.02,0.68
1417.57,-0.16
1409.78,1.04
1393.09,0.38
1370.96,0.3
1371.69,-1.03
1291.69,0.18
1336.52,0.93
1378.14,0.32
1379.05,-0.73
1355.15,0.02
1303.9,-0.08
1303.09,-0.82
1304.65,-0.13
1365.57,-1.15
1345.46,-0.32
1308.78,0.12
1342.11,0.47
1402.87,0.24
1430.14,0.0
1426.15,-1.12
1371.17,0.54
1330.31,0.74
1397.23,1.06
1361.55,0.63
1260.85,-0.72
1236.56,-0.41
1280.35,-0.8
1308.57,0.98
1345.28,0.19
1401.59,1.34
1363.48,-0.5
1244.33,-0.23
1339.12,0.09
1396.2,-0.01
1301.5,2.07
1296.14,0.11
1287.87,0.43
1294.93,1.25
1321.97,1.25
1310.3,0.22
1317.75,1.11
1325.28,0.74
1348.69,-0.47
1337.26,0.3
1326.9,0.53
1345.96,-0.25
1378.97,0.3
1361.26,-0.98
1343.75,0.28
1342.16,-0.23
1370.97,-0.52
1394.92,0.09
1391.85,0.05
1345.0,0.38
1368.7,0.64
1371.61,0.36
1363.97,0.65
1344.94,1.28
1312.25,-0.92
1339.21,0.03
1324.02,-0.31
1326.48,0.15
1362.4,0.57
1341.13,-0.21
1332.28,0.35
1291.29,0.03
1237.85,1.14
1208.09,0.8
1280.45,-0.9
1298.05,0.13
1243.15,0.77
1217.62,-0.12
1208.86,-0.61
1217.68,0.72
1236.5,0.21
1288.16,-0.33
1352.48,0.21
1282.91,0.59
1192.46,-0.08
1199.8,0.97
1168.41,-1.34
1182.65,-0.26
1151.08,1.13
1192.76,0.78
1199.6,-0.16
1119.07,0.45
1040.58,-0.08
1092.76,0.74
1140.96,1.09
1186.44,1.21
1144.03,-0.07
1138.98,0.09
1197.91,0.02
1179.27,0.31
1082.02,0.78
1064.84,0.92
1114.59,0.79
1094.73,-0.73
1097.21,0.61
1138.88,1.1
1145.25,-0.56
1167.91,1.21
1128.2,0.47
1115.91,0.68
1194.0,0.19
1256.25,-0.98
1257.83,-0.04
1215.36,-0.54
1184.34,-1.12
1185.4,0.26
1197.88,0.21
1230.42,1.93
1219.59,0.69
1253.3,1.83
1277.53,0.12
1214.14,1.02
1231.7,-0.41
1257.9,-0.44
1244.75,0.22
1243.83,0.03
1253.43,1.67
1229.24,2.06
1239.86,-0.29
1197.87,0.81
1220.79,-0.58
1265.49,-0.74
1249.77,0.32
1294.25,0.52
1295.9,-0.11
1284.42,-0.83
1282.11,-0.54
1284.21,1.31
1289.54,0.11
1264.25,0.28
1230.0,0.5
1227.51,0.7
1224.04,0.01
1236.25,-0.07
1265.77,0.82
1264.41,0.77
1274.9,0.43
1266.52,0.7
1244.61,-0.03
1259.12,0.08
1262.6,0.62
1198.79,-0.05
1191.72,-0.23
1188.75,-0.76
1182.27,0.22
1186.99,0.43
1217.6,-0.44
1226.02,-0.9
1200.31,-0.49
1182.95,2.22
1175.59,-0.2
1181.52,-0.38
1195.01,0.59
1223.15,0.6
1259.42,-0.31
1224.93,-0.56
1171.05,0.03
1187.37,-0.13
1154.5,0.54
1122.16,0.98
1164.35,0.99
1202.16,0.69
1183.02,0.8
1182.44,0.61
1170.76,-0.06
1203.87,-0.41
1229.0,0.19
1178.99,-0.12
1131.11,0.74
1138.15,-0.22
1158.21,0.23
1170.49,0.57
1172.0,-0.47
1173.54,-0.23
1191.52,-0.8
1214.4,-0.37
1200.2,0.13
1190.54,-0.79
1200.58,1.09
1167.14,0.44
1148.49,-0.27
1147.17,0.6
1169.84,0.05
1181.4,-0.13
1172.43,-0.26
1161.9,-0.45
1136.77,1.12
1151.61,-0.03
1119.28,-0.41
1128.96,0.14
1117.22,-0.36
1159.29,0.37
1182.15,0.05
1171.03,0.01
1143.49,-0.64
1096.5,0.89
1119.25,-0.32
1126.41,0.14
1137.89,0.51
1113.09,-0.11
1067.46,-0.8
1118.04,2.14
1047.11,1.75
1050.44,0.07
1063.32,1.09
1031.91,0.04
952.79,1.4
885.01,-1.31
942.64,1.08
980.69,0.06
962.89,1.12
960.42,0.72
997.63,-1.43
995.49,0.37
986.47,0.82
1024.26,1.05
1052.72,-0.52
1032.49,0.2
1031.26,0.77
1002.69,-0.11
1031.31,0.16
1067.48,0.76
1042.94,-0.71
1062.07,1.35
1087.21,0.29
1058.78,0.72
1037.49,-1.31
1015.95,0.95
1046.6,0.46
1069.07,2.13
1037.13,1.35
1062.31,0.96
1112.78,1.18
1057.31,0.36
1025.25,0.56
1004.33,-0.81
1013.93,-0.27
1035.11,-0.12
1051.3,-1.36
1065.66,0.89
1081.98,-0.42
1108.73,0.85
1084.47,-1.48
1046.08,0.08
1087.39,0.45
1111.79,0.69
1106.48,0.14
1094.52,-0.18
1129.7,0.37
1120.12,0.75
1087.88,0.62
1109.15,-0.55
1139.95,-0.15
1132.11,1.74
1089.03,-1.08
1110.25,0.19
1110.56,-0.66
1075.05,1.32
1077.78,-0.26
1127.65,0.56
1160.95,0.26
1145.71,0.52
1118.16,-0.12
1122.14,0.59
1116.27,0.15
1076.52,0.77
1070.92,-0.17
1088.72,0.78
1103.98,-0.74
1113.45,1.08
1104.5,0.29
1109.23,0.72
1102.29,0.31
1102.82,-0.06
1133.15,1.07
1145.69,-0.21
1099.06,-1.08
1091.74,1.37
1118.71,0.88
1143.83,1.92
1143.66,0.11
1134.83,0.5
1124.8,0.95
1137.51,-1.3
1120.83,0.72
1117.93,0.3
1119.16,0.56
1091.75,1.92
1104.86,0.3
1100.82,-0.71
1076.31,0.76
1083.98,0.69
1100.01,0.98
1128.24,1.14
1148.65,-0.66
1049.93,1.7
1042.6,-0.23
1116.29,0.12
1125.67,0.73
1074.5,-0.77
1060.07,-0.37
1052.52,0.32
1023.31,0.39
1034.89,-1.5
1064.2,1.51
1062.79,-0.65
1086.03,0.71
1112.25,-0.31
1098.85,0.07
1052.27,0.37
1064.74,-0.75
1035.31,0.54
1030.71,0.77
1059.15,0.89
1067.49,0.39
1072.48,-0.49
1047.28,-0.37
1057.72,-0.81
1101.9,0.86
1107.76,-0.24
1114.2,0.5
1114.01,-0.09
1132.03,0.58
1139.62,-0.06
1135.05,0.85
1118.25,-0.12
1110.28,0.4
1115.76,2.09
1138.38,1.4
1162.51,0.18
1119.27,1.12
1123.4,-0.53
1123.92,0.74
1093.75,0.95
1094.76,0.27
1109.02,0.68
1113.55,-0.3
1120.8,-0.01
1115.74,-0.01
1092.0,-0.85
1100.43,-0.56
1090.77,-0.08
1082.16,0.7
1097.49,0.7
1109.91,-0.45
1068.51,0.26
1074.0,0.45
1042.68,-0.82
1088.9,0.29
1096.57,-0.28
1083.53,-0.5
1107.21,0.67
1085.99,0.36
1080.79,0.54
1076.46,0.79
1075.58,1.27
1041.06,-0.02
1026.25,0.44
1023.04,-1.03
1046.17,-0.21
1077.26,0.37
1059.39,-0.64
1016.26,1.18
987.78,0.93
1042.34,1.23
1055.13,0.08
994.68,0.19
1002.46,0.68
1045.61,0.16
1047.53,-1.13
1059.99,1.32
1084.93,0.36
1070.76,0.22
1043.75,-0.6
1039.98,-0.14
1070.28,-0.37
1060.74,-0.44
1054.59,0.02
1034.27,-0.28
1045.77,-0.41
1061.39,0.38
998.75,0.2
1010.1,0.95
1042.95,0.03
978.25,0.56
989.47,-0.7
1016.93,0.23
980.28,-0.26
1010.67,-0.86
972.75,0.79
919.38,0.36
987.82,0.89
1030.26,-0.74
1016.0,-0.07
1003.57,-0.16
964.98,-0.02
983.66,0.48
945.87,1.06
896.45,-0.35
950.17,0.64
992.44,-0.79
964.26,0.87
904.51,-0.77
876.57,1.21
950.2,0.35
998.57,2.37
969.7,0.5
885.79,0.15
915.3,-0.16
896.21,-0.56
865.21,-1.1
883.16,0.61
923.56,0.6
904.25,-0.58
852.17,0.7
823.94,-0.15
738.41,0.33
750.63,0.6
759.0,0.12
759.23,0.32
818.77,1.5
870.14,0.74
909.03,0.33
895.12,0.03
851.11,1.47
772.8,0.2
776.02,-0.1
801.81,0.55
847.97,0.46
875.48,0.21
879.5,0.41
812.71,-0.25
840.33,1.3
884.95,-0.54
872.81,-0.31
899.57,-0.28
886.35,0.58
906.66,1.35
938.82,0.52
908.08,0.29
925.66,-0.45
926.08,0.79
881.53,0.21
904.25,-0.25
909.81,0.44
845.07,0.36
844.43,0.37
832.22,-0.34
836.62,1.29
838.39,-0.08
886.96,-0.33
897.55,1.28
855.57,2.0
856.86,-0.56
876.46,-0.09
860.79,-0.03
843.33,1.74
820.89,0.08
828.07,0.31
811.22,-0.03
761.42,0.53
789.42,0.07
855.81,1.6
800.52,1.07
752.96,0.34
808.46,-0.41
822.25,0.55
816.74,1.38
779.99,1.73
756.89,1.16
774.28,0.11
715.43,-0.62
705.62,0.24
755.75,0.69
775.7,0.28
813.21,-0.57
816.25,-0.15
837.36,0.1
827.24,0.31
857.74,-0.02
855.56,0.35
856.44,0.42
832.55,-0.24
870.88,0.81
860.89,0.61
830.7,1.12
852.03,-0.5
816.71,1.16
837.93,0.24
869.26,-0.54
883.14,0.28
900.02,0.11
891.69,0.24
868.04,-0.75
841.52,0.03
840.48,0.75
822.99,1.03
845.92,0.43
872.29,-0.19
865.79,0.7
835.5,-0.31
846.32,0.43
890.66,0.17
906.85,-0.19
901.72,-1.5
854.15,-0.27
884.31,0.05
908.24,1.83
915.31,0.13
897.01,0.13
897.8,2.0
887.4,0.34
877.84,-0.1
844.05,1.21
855.7,0.14
872.67,0.21
874.22,0.32
833.74,0.38
869.44,-0.54
887.38,0.64
855.77,1.36
835.08,-0.25
852.46,1.01
863.56,0.15
871.43,0.63
869.43,0.56
837.52,-0.67
826.57,-0.43
811.98,-0.32
848.16,-0.29
856.15,0.14
884.42,-1.01
896.69,-1.16
864.54,1.23
874.93,1.08
882.96,-0.08
893.56,0.38
899.18,-0.31
899.95,1.28
904.65,0.59
887.71,0.88
861.16,0.18
859.22,0.5
879.93,-0.39
834.99,0.89
816.6,-0.72
822.6,-0.67
822.48,0.05
788.49,0.59
814.96,-0.42
834.3,0.53
815.87,-0.79
821.87,-0.51
811.46,-0.35
795.27,0.1
804.66,-0.36
810.58,0.16
782.01,0.43
751.63,-0.39
777.2,0.74
813.5,1.29
816.92,0.27
805.55,0.05
822.49,-0.35
799.79,0.68
793.6,0.37
781.56,-0.05
793.45,1.28
818.86,0.47
811.3,1.68
786.51,0.45
801.0,1.3
795.5,-0.1
799.35,0.52
786.93,0.83
758.02,0.56
729.36,0.65
775.76,1.17
765.4,-0.43
785.95,-0.4
828.24,1.27
823.0,0.1
834.44,0.25
866.11,0.31
822.51,0.75
834.99,0.91
836.56,1.39
847.82,1.11
838.06,0.33
792.69,-1.41
789.61,0.65
824.87,0.08
833.26,-0.1
843.22,-0.79
852.44,0.09
853.75,2.12
829.5,0.67
830.72,-0.57
818.91,-0.12
838.37,-0.12
861.55,-0.62
832.34,0.88
848.68,0.98
834.15,1.58
852.64,-0.46
893.31,0.51
883.17,0.36
848.42,-0.87
861.45,-0.29
888.67,0.5
877.75,0.2
856.93,0.36
876.46,0.55
887.0,-0.27
903.61,0.31
898.07,0.07
873.34,0.64
877.36,-0.37
900.44,0.98
905.75,0.42
899.49,0.17
927.8,0.57
932.43,-0.31
891.82,0.75
874.25,0.58
872.31,0.27
886.22,1.69
873.4,-0.46
893.67,0.24
915.0,-0.15
894.53,1.04
911.5,1.05
923.03,0.09
921.57,-0.32
933.25,-0.07
958.85,-1.47
959.1,1.42
930.55,0.42
935.56,0.06
957.97,-0.52
966.55,0.91
929.9,0.78
955.64,-0.81
988.02,0.63
984.98,0.04
973.55,1.69
970.22,-0.5
950.56,1.4
951.56,-0.76
933.75,0.97
948.0,-0.46
950.43,-1.03
926.59,1.68
931.14,0.49
954.98,0.12
925.32,-0.33
953.91,-0.12
986.91,0.53
974.16,-0.05
938.86,1.91
951.48,0.87
974.88,-1.14
985.25,-0.31
967.92,0.93
949.28,-0.21
958.56,0.26
937.25,-0.58
947.21,0.88
954.04,1.14
930.42,0.61
955.39,-0.21
965.33,2.01
948.74,1.39
957.32,-0.27
974.04,0.05
962.43,0.09
950.65,-0.71
919.26,-0.09
915.36,0.43
927.24,-0.07
935.51,0.73
938.24,-0.19
952.99,0.47
954.83,0.08
933.36,-0.75
933.09,1.1
956.73,0.49
961.74,0.89
967.03,0.93
977.68,-0.45
965.09,-0.18
952.24,-0.19
951.96,0.25
952.78,-0.21
951.05,1.06
951.26,0.31
969.24,0.75
993.52,0.86
993.0,0.15
983.0,1.03
1007.27,-0.17
997.13,-0.09
981.52,-0.09
978.49,-0.3
975.47,0.4
967.36,-0.83
981.7,0.21
983.78,-1.47
1010.92,-0.31
1007.63,0.53
996.4,-0.37
1013.65,1.15
985.17,0.02
967.77,-0.91
967.05,-0.28
966.98,0.66
937.64,0.66
958.79,0.25
970.35,0.49
986.23,-0.16
996.24,-0.62
994.46,1.48
995.49,-0.61
996.76,0.45
1000.99,-1.33
1007.99,0.89
1011.48,0.24
1015.31,1.45
1020.34,-0.23
997.02,0.9
1018.65,0.69
1030.76,0.01
1005.64,-0.38
986.24,1.46
980.27,0.21
982.88,-0.46
997.23,0.63
1005.0,1.01
1009.74,-0.03
1009.26,0.23
1023.04,-0.83
1022.53,0.7
1012.48,0.45
1024.76,-0.36
1025.33,-1.39
1011.5,0.04
1000.32,-1.04
1019.73,0.39
1041.93,1.37
1029.77,-0.31
1012.04,-0.33
998.5,0.21
1007.51,0.73
993.01,0.47
984.2,0.34
1002.97,1.41
1012.25,-0.81
1014.24,-0.88
1014.05,0.48
1025.96,-0.02
1033.51,0.69
1035.02,0.73
1037.55,0.37
1027.25,0.56
1039.58,0.62
1025.75,0.1
1012.33,0.59
1029.46,-0.06
1053.25,0.29
1031.01,0.4
1031.01,-0.49
1030.32,0.07
1048.96,0.61
1041.31,0.34
1050.22,-0.91
1058.0,0.51
1056.75,0.15
1047.88,-0.4
1062.72,0.89
1076.01,1.42
1073.74,-1.94
1063.57,1.22
1080.47,-0.29
1080.27,0.13
1087.97,0.39
1101.81,0.76
1091.53,0.51
1093.99,-0.47
1078.76,0.11
1083.78,0.22
1088.76,-1.8
1103.75,-0.03
1096.53,0.54
1110.23,0.03
1112.01,0.5
1100.01,0.71
1134.61,-0.2
1130.67,-0.11
1094.0,0.97
1091.98,0.59
1093.5,-1.2
1105.8,1.82
1106.82,-0.17
1087.5,-1.12
1078.4,1.16
1093.48,1.12
1103.5,-0.92
1097.08,1.2
1121.24,0.0
1123.53,0.84
1106.02,-0.83
1123.25,0.34
1128.63,1.18
1122.84,-0.2
1115.29,0.12
1106.25,0.71
1101.24,-0.11
1106.49,0.61
1104.0,-0.38
1105.01,0.62
1123.26,0.42
1113.25,0.07
1113.99,0.22
1126.05,1.3
1135.2,0.01
1135.3,1.28
1139.3,1.09
1104.8,1.6
1074.0,0.46
1085.0,0.15
1064.78,0.07
1067.51,0.1
1093.29,-1.28
1115.56,0.51
1092.28,1.06
1063.77,0.37
1059.0,1.4
1040.23,-0.87
1058.0,0.81
1060.64,0.82
1075.72,-0.52
1087.74,0.04
1082.8,0.26
1086.56,0.26
1099.75,1.29
1117.01,-0.39
1120.84,0.23
1111.01,-0.48
1113.58,0.08
1127.58,2.2
1103.06,-1.53
1095.74,-0.09
1083.03,0.83
1109.16,0.64
1115.5,0.96
1078.26,0.87
1072.91,-0.76
1094.9,0.22
1104.5,0.46
1116.68,0.49
1134.83,0.06
1107.29,0.07
1083.27,0.9
1065.29,0.61
1075.47,1.24
1090.07,0.84
1108.22,0.01
1108.4,-0.25
1076.17,0.37
1054.02,-0.59
1050.73,-0.22
1055.62,-0.01
1073.93,1.76
1063.01,0.38
1045.5,0.32
1059.0,0.83
1051.75,0.77
1050.76,-0.89
1059.25,1.59
1046.7,-0.12
1055.31,-0.04
1075.01,0.11
1092.02,-1.93
1088.5,1.11
1086.99,0.43
1095.77,0.4
1075.8,-0.41
1070.49,2.22
1099.93,-1.84
1115.31,-0.21
1097.25,0.1
1112.35,-0.16
1109.31,0.5
1085.53,1.18
1100.49,0.19
1104.77,-0.05
1097.49,-0.79
1105.78,2.33
1094.75,0.04
1087.32,0.25
1109.73,0.18
1118.33,0.72
1110.8,1.01
1098.25,0.02
1109.57,-0.4
1120.43,1.08
1104.63,1.36
1103.1,-1.83
1087.78,0.78
1089.27,-1.25
1081.01,0.24
1081.0,-0.05
1081.0,-0.25
1088.07,-0.59
1086.57,1.03
1080.82,-0.36
1075.78,0.3
1073.05,0.52
1093.35,0.08
1065.81,0.46
1066.34,0.79
1053.5,0.49
1047.49,-0.3
1051.0,1.17
1048.75,-0.92
1065.49,0.46
1065.75,0.58
1080.6,1.54
1085.37,-0.72
1094.5,0.66
1061.98,-0.27
1029.25,-0.5
1030.0,0.35
1048.56,-1.29
1049.33,-0.21
1031.75,0.22
1018.4,1.8
1028.51,0.75
1041.03,-0.0
1053.19,0.09
1051.02,-0.84
1060.73,-0.12
1066.0,0.16
1055.79,0.67
1061.5,-1.05
1076.27,-0.86
1084.86,1.37
1067.5,-0.31
1062.25,-0.28
1060.09,0.53
1074.24,-0.74
1079.75,0.08
1091.76,-1.33
1089.01,0.65
1076.54,2.22
1080.76,0.89
1099.02,-0.2
1102.04,1.64
1086.25,-0.54
1092.5,-1.8
1098.01,0.37
1098.83,-0.12
1109.27,-1.15
1085.53,-1.89
1078.76,-0.74
1084.8,-0.55
1069.01,-0.29
1069.25,-0.62
1078.49,-1.89
1061.32,-0.34
1078.76,-0.45
1100.5,0.36
1105.26,0.05
1124.28,0.43
1107.82,-0.38
1094.02,0.55
1106.19,0.69
1105.53,0.17
1087.32,0.9
1070.25,1.75
1076.5,0.84
1090.16,-0.72
1075.27,1.62
1068.49,0.58
1084.17,-1.23
1063.5,1.6
1044.7,-1.03
1053.22,-1.37
1074.01,0.1
1089.49,1.05
1092.0,0.34
1097.5,0.5
1084.15,-0.58
1081.39,1.25
1108.03,-0.36
1130.23,0.59
1133.75,-0.69
1132.0,0.46
1123.8,-1.16
1123.61,0.33
1146.72,-0.26
1156.27,1.34
1140.51,0.76
1159.85,1.09
1166.98,0.04
1137.5,-0.63
1134.25,0.42
1138.75,1.75
1155.55,0.07
1154.54,0.25
1141.5,0.2
1129.39,0.61
1146.47,-0.11
1163.26,0.23
1165.84,0.45
1166.36,1.46
1148.51,-0.22
1142.26,0.5
1140.02,0.96
1145.33,-0.85
1157.99,0.21
1170.99,-0.49
1178.81,-0.01
1176.8,0.32
1161.0,-0.73
1152.58,-0.12
1161.02,1.69
1175.75,0.94
1179.0,0.71
1168.52,0.38
1175.24,0.02
1184.26,0.84
1192.13,0.09
1203.56,0.65
1191.14,-1.66
1160.28,-0.11
1148.0,-1.05
1151.49,-0.16
1154.26,-0.7
1165.36,0.36
1157.05,0.23
1153.25,0.67
1139.51,-0.25
1143.99,0.39
1168.13,-0.13
1163.2,-0.11
1152.61,0.39
1136.75,0.8
1126.52,1.69
1131.0,-0.2
1141.77,-0.4
1134.26,-0.27
1129.03,-1.01
1135.08,0.04
1148.98,-0.46
1158.5,0.88
1141.62,-0.04
1156.47,0.37
1174.31,-0.25
1175.57,0.89
1156.0,-0.06
1150.08,-0.31
1161.48,-0.57
1172.25,-0.35
1180.79,-0.47
1182.32,2.02
1183.75,1.3
1182.74,1.11
1146.51,-0.71
1142.1,-0.55
1155.98,0.96
1174.22,-0.38
1164.75,0.83
1174.24,0.47
1170.0,0.39
1156.96,1.09
1181.94,-2.05
1208.28,1.09
1204.05,0.58
1181.32,0.59
1178.27,0.44
1167.5,-0.75
1187.78,-0.12
1175.12,-1.49
1156.52,1.29
1163.08,0.47
1167.25,-0.92
1161.21,0.6
1131.5,0.12
1128.51,-1.19
1144.81,-0.39
1145.8,1.86
1115.91,0.97
1142.96,-0.02
1156.13,-1.01
1132.26,-0.82
1127.8,0.58
1138.01,0.35
1151.51,-0.54
1161.31,0.95
1153.58,-0.48
1152.57,-0.42
1164.1,0.85
1168.15,-0.12
1146.04,0.51
1101.51,-0.28
1106.99,1.3
1127.66,1.42
1093.28,-0.11
1104.16,-0.75
1109.21,0.59
1135.68,-1.0
1124.1,-0.61
1123.58,-0.0
1092.13,0.44
1101.74,0.05
1117.74,0.03
1116.52,1.11
1128.22,1.08
1132.99,1.05
1141.06,0.33
1151.47,-0.83
1132.03,0.94
1144.51,0.41
1125.02,0.88
1103.8,0.1
1110.58,1.75
1111.72,0.34
1133.99,0.44
1148.49,-0.13
1147.25,0.63
1160.28,1.46
1152.0,0.11
1143.53,-0.42
1159.25,0.94
1165.28,-0.49
1146.54,0.99
1159.48,-0.08
1171.56,0.29
1156.5,-0.77
1158.5,-0.58
1166.54,1.16
1157.75,-0.42
1158.23,0.75
1152.26,0.01
1159.49,0.76
1160.75,-0.01
1156.04,1.05
1166.75,0.38
1175.5,-0.74
1175.25,-0.19
1189.69,0.59
1200.55,-0.84
1171.36,0.64
1149.0,0.57
1142.55,0.63
1164.52,0.55
1165.8,1.62
1150.5,1.25
1153.25,0.54
1190.33,-1.1
1151.51,0.96
1114.49,-1.27
1153.55,1.09
1172.0,-0.48
1174.51,-0.0
1180.0,0.19
1190.27,-0.61
1186.5,0.08
1181.0,2.07
1187.25,0.17
1192.48,0.7
1181.75,0.68
1188.48,0.15
1188.25,-0.66
1184.27,0.01
1191.24,-0.88
1205.52,0.08
1194.75,1.18
1186.78,-0.64
1201.25,1.28
1219.01,1.12
1206.65,-0.31
1187.51,0.51
1178.76,0.37
1185.48,-0.81
1190.51,-0.98
1196.52,0.59
1194.07,0.71
1202.9,-0.92
1180.76,0.25
1175.75,1.51
1176.0,0.33
1183.78,1.03
1187.85,0.51
1184.08,0.33
1169.52,-0.87
1184.5,1.6
1162.76,-0.36
1159.66,0.44
1149.6,-1.37
1165.7,1.99
1174.99,0.91
1161.89,1.52
1180.21,1.29
1191.25,-0.18
1178.06,-1.14
1198.25,-0.48
1208.91,-0.47
1195.05,-0.46
1183.25,-0.05
1180.5,0.37
1199.35,1.41
1206.89,-0.02
1191.96,-1.36
1164.75,0.52
1162.99,-0.06
1172.49,0.78
1170.25,1.21
1171.0,0.16
1159.58,0.06
1167.48,1.2
1198.47,1.28
1211.57,0.86
1197.84,0.19
1155.28,0.74
1142.48,0.27
1157.09,-0.31
1152.14,0.89
1154.24,0.16
1127.25,1.1
1113.6,1.27
1136.98,0.59
1156.48,-0.86
1137.28,-0.64
1146.46,0.54
1121.27,-0.58
1117.36,0.12
1140.92,0.02
1159.43,0.74
1159.45,-0.49
1112.54,0.69
1125.82,0.67
1150.5,0.4
1142.86,1.06
1153.48,0.04
1169.74,0.59
1169.99,0.76
1172.5,0.19
1173.26,0.4
1159.35,-0.22
1166.5,0.04
1191.53,-0.13
1191.28,0.92
1176.76,-0.65
1170.84,-0.37
1179.79,0.55
1189.27,-0.81
1194.04,0.76
1198.54,1.07
1220.02,1.1
1226.31,0.48
1218.57,1.86
1215.79,0.78
1190.1,0.45
1207.21,1.21
1215.0,0.47
1218.55,0.14
1227.14,0.59
1206.25,0.15
1200.75,1.03
1204.99,0.16
1201.53,-1.61
1210.74,-0.25
1223.0,-1.02
1227.83,0.47
1225.83,0.83
1209.25,-0.1
1205.25,0.52
1204.52,-0.36
1223.82,-0.42
1228.62,1.01
1209.02,0.6
1218.64,0.65
1208.8,0.47
1177.5,-0.0
1191.77,1.13
1212.5,-0.52
1208.36,0.46
1223.74,0.44
1232.5,0.34
1235.99,-0.66
1246.8,-0.82
1242.06,0.03
1246.93,1.04
1231.52,-0.58
1235.17,-1.52
1246.33,0.54
1203.75,0.48
1212.26,-0.47
1209.5,-0.23
1196.84,-0.09
1202.87,-0.63
1229.24,0.73
1240.35,1.09
1229.06,-0.26
1241.25,-0.46
1219.79,0.9
1214.81,-1.27
1218.34,-0.03
1189.81,-0.11
1208.24,0.32
1212.27,-0.12
1203.72,0.4
1195.07,1.45
1201.79,0.93
1210.29,0.28
1231.24,-0.03
1232.01,-0.45
1223.25,0.1
1230.49,-0.3
1226.01,-0.0
1241.57,0.34
1246.36,-0.18
1219.01,1.0
1234.76,-0.23
1241.1,-0.53
1236.6,-0.11
1228.57,0.56
1219.75,1.29
1219.49,-0.27
1202.59,0.76
1212.25,0.16
1214.1,-0.32
1221.04,0.2
1235.76,-0.35
1245.75,0.56
1258.09,0.6
1255.32,0.53
1237.0,0.76
1243.23,0.36
1242.25,1.09
1251.58,-0.01
1249.06,-0.36
1229.01,0.43
1239.74,1.12
1239.5,1.06
1238.75,-1.04
1229.29,0.63
1238.22,1.09
1261.41,0.05
1258.13,0.09
1247.14,1.0
1244.83,1.69
1225.0,-0.95
1232.79,0.37
1222.5,-1.02
1202.52,-0.06
1225.47,0.6
1242.24,-0.33
1251.27,-0.28
1255.33,1.71
1247.01,0.31
1244.53,0.32
1237.25,-0.28
1239.21,0.3
1252.27,-0.38
1238.5,0.71
1246.23,-0.28
1235.03,1.32
1232.87,-0.49
1250.97,-1.52
1264.78,0.27
1279.33,-0.57
1286.76,-0.61
1264.97,-0.49
1222.0,0.46
1245.66,0.5
1257.61,-0.38
1211.1,-0.09
1201.29,0.28
1208.35,-0.23
1202.62,1.4
1178.52,0.56
1165.54,0.28
1205.73,0.09
1231.9,0.33
1184.78,1.02
1179.17,-0.55
1217.51,0.39
1245.71,-0.69
1211.63,-0.63
1218.04,0.15
1192.53,-1.21
1186.75,-0.53
1211.23,-0.08
1184.77,-0.29
1144.31,0.9
1134.12,-0.83
1181.89,0.61
1190.86,0.73
1167.5,-0.08
1169.5,-0.75
1180.73,0.86
1173.75,2.39
1179.27,-0.09
1188.08,2.52
1161.31,0.66
1146.09,0.55
1177.99,0.8
1207.53,0.16
1212.03,0.58
1203.27,1.17
1208.8,1.34
1198.52,0.96
1205.08,0.04
1223.88,0.65
1219.36,0.44
1180.64,0.78
1167.54,0.26
1151.53,-0.65
1145.12,-0.34
1183.51,0.8
1185.6,-1.04
1146.29,-0.47
1164.49,0.96
1187.48,-0.13
1190.24,-0.31
1180.07,-0.04
1204.5,0.26
1206.52,0.13
1192.49,1.23
1202.24,-0.08
1205.48,-0.23
1212.32,0.26
1211.35,-1.8
1206.61,0.21
1194.51,1.14
1187.47,-0.28
1187.49,-0.5
1177.68,0.95
1185.89,0.05
1209.23,-1.63
1218.24,0.27
1226.5,0.05
1229.06,0.7
1226.03,0.71
1214.74,-0.29
1216.25,0.35
1216.0,0.51
1215.0,-0.6
1219.49,1.38
1224.5,0.78
1218.53,0.74
1236.79,-0.09
1252.31,0.16
1228.03,1.36
1218.01,-0.94
1218.5,1.27
1201.42,0.31
1217.0,0.39
1232.5,1.51
1234.0,0.92
1246.04,1.24
1242.5,0.04
1237.24,-1.22
1254.36,-0.22
1243.28,-0.04
1222.58,0.48
1223.62,0.46
1246.22,1.57
1255.0,0.42
1260.27,0.14
1263.82,-0.03
1249.25,-0.97
1232.46,0.52
1254.44,0.02
1272.01,0.94
1262.5,-0.17
1271.77,-0.56
1268.5,-0.21
1251.37,-0.43
1267.01,-0.36
1286.53,-0.15
1289.02,1.01
1276.49,-0.69
1280.0,-0.89
1282.75,0.84
1275.77,-1.31
1278.75,-0.53
1286.26,1.15
1298.5,0.03
1308.07,-1.1
1297.52,-0.27
1300.58,0.38
1301.87,0.62
1287.28,-0.51
1280.5,-0.1
1261.43,0.83
1279.96,-0.57
1299.51,0.73
1301.26,0.3
1292.0,-0.64
1290.49,0.02
1283.59,-0.67
1290.52,0.75
1308.75,0.82
1313.75,-0.1
1309.49,-0.01
1308.75,0.02
1318.51,-0.7
1339.93,0.16
1333.9,0.65
1287.27,-1.38
1280.84,-0.37
1312.26,0.07
1309.99,-0.69
1286.67,-0.85
1305.27,0.97
1327.76,-0.49
1331.31,-0.81
1316.25,0.82
1319.0,-1.21
1322.5,0.29
1314.5,-0.57
1309.61,1.01
1327.96,1.66
1346.35,-0.26
1330.25,-0.27
1333.5,1.4
1347.17,0.48
1333.55,0.3
1309.55,0.73
1314.53,0.7
1337.28,0.37
1331.5,0.02
1339.61,0.24
1350.49,-0.29
1324.77,-0.03
1328.79,-0.33
1314.75,0.24
1320.51,0.3
1311.25,0.47
1305.8,0.3
1313.06,0.58
1331.22,1.09
1341.03,0.49
1339.77,0.99
1333.77,-0.36
1338.03,-0.21
1320.52,1.1
1332.5,0.96
1356.48,0.58
1331.77,0.61
1321.74,0.23
1317.76,-1.15
1315.83,-0.44
1319.85,-0.09
1340.99,-0.79
1351.0,-0.65
1347.99,0.3
1351.0,0.02
1366.44,0.05
1362.92,0.12
1339.5,0.58
1321.86,-1.26
1327.6,0.03
1349.98,-0.71
1355.0,-0.39
1358.01,0.2
1359.51,-0.45
1358.5,1.26
1361.28,-0.51
1361.04,-0.56
1415.86,-0.43
1410.02,0.38
1301.35,-1.13
1311.6,0.99
1312.01,-0.49
1300.73,-0.24
1250.53,0.27
1270.92,0.11
1282.78,-0.68
1293.71,1.2
1323.97,-0.15
1341.51,1.29
1269.77,0.37
1266.4,-0.75
1289.76,1.21
1265.7,-0.55
1274.36,-0.29
1280.38,1.45
1307.47,0.12
1337.06,0.42
1338.81,1.3
1339.65,0.89
1338.42,0.61
1321.06,0.99
1314.24,-0.99
1301.52,0.59
1300.15,1.02
1318.99,1.5
1325.27,-0.52
1331.25,-0.15
1343.0,0.96
1347.56,1.23
1349.84,0.74
1325.77,-0.29
1321.58,0.21
1327.64,0.68
1347.73,-1.15
1366.77,0.18
1359.74,-0.12
1346.1,-0.36
1376.24,0.9
1373.25,0.13
1356.36,0.33
1377.96,0.08
1396.34,-0.16
1398.42,0.8
1370.26,-0.04
1361.07,-0.79
1370.82,-0.66
1379.29,0.36
1399.51,-0.71
1403.52,1.18
1406.61,-1.42
1412.42,-0.52
1377.27,-0.71
1389.95,0.03
1389.99,1.01
1383.04,-1.39
1394.98,-0.33
1387.35,0.79
1401.23,1.75
1414.76,0.09
1427.97,-0.03
1424.15,0.11
1389.76,0.5
1400.24,-0.7
1390.85,0.58
1397.99,-0.62
1415.0,0.99
1430.05,0.42
1443.32,0.3
1460.65,1.39
1438.77,1.1
1356.67,0.5
1378.36,0.22
1408.98,-0.03
1354.83,-0.34
1364.21,-0.07
1393.3,1.21
1413.74,1.1
1433.27,-0.45
1440.75,-0.95
1408.12,0.04
1417.79,-0.43
1404.76,0.75
1395.96,-0.22
1349.47,1.01
1374.87,-0.2
1387.5,0.38
1358.29,-0.26
1386.23,0.27
1404.25,1.27
1393.78,1.07
1423.71,-0.0
1434.44,-0.11
1378.57,-0.65
1362.6,0.52
1397.52,0.94
1427.74,-0.24
1442.42,0.06
1433.04,1.82
1429.82,0.48
1433.05,-0.15
1433.91,0.33
1452.18,0.23
1438.75,0.43
1448.41,1.41
1375.17,-0.93
1330.0,-0.75
1362.62,-0.81
1323.26,-0.02
1344.65,0.85
1383.71,1.08
1284.39,1.45
1289.44,-0.64
1355.33,0.24
1421.28,0.03
1330.01,-0.44
1326.3,-0.26
1370.63,0.13
1360.37,0.95
1292.86,-0.16
1234.2,0.59
1276.74,-1.76
1303.5,-0.2
1302.59,-0.99
1325.68,-0.6
1324.51,0.32
1378.44,1.08
1372.37,-0.99
1289.94,1.43
1307.92,-0.03
1314.58,0.83
1337.96,-0.89
1356.74,-0.1
1363.6,0.18
1377.85,0.08
1324.49,-0.81
1298.96,0.45
1323.24,0.49
1337.24,1.34
1352.74,1.49
1353.76,-0.03
1300.88,0.68
1344.14,0.52
1399.53,-0.62
1387.5,-0.24
1398.85,0.53
1386.5,0.47
1367.83,0.94
1387.24,-0.36
1400.25,-0.62
1378.14,0.5
1400.92,0.26
1413.26,1.71
1402.5,1.35
1396.56,0.95
1415.93,0.83
1413.26,0.53
1436.06,0.59
1435.06,0.67
1427.07,0.42
1444.29,1.09
1432.3,0.44
1410.03,1.23
1439.28,0.84
1452.17,0.21
1355.77,0.05
1366.46,-0.02
1383.81,1.14
1351.49,-0.2
1348.82,0.53
1384.68,1.32
1410.07,0.04
1416.71,-0.66
1446.78,0.5
1388.01,0.72
1364.69,-1.35
1377.06,0.93
1432.67,-0.33
1365.37,0.16
1347.16,0.22
1324.19,-1.54
1266.92,0.31
1328.99,0.15
1356.78,1.61
1327.26,-0.22
1342.26,-0.86
1310.77,-1.34
1307.1,-0.57
1284.6,1.13
1309.32,0.93
1251.62,-0.59
1229.17,1.24
1278.66,-0.37
1315.01,-0.05
1345.85,-0.32
1340.34,-0.72
1300.02,-1.36
1305.63,-0.31
1344.16,-0.05
1388.09,-0.56
1407.71,0.7
1338.78,0.4
1347.02,0.69
1369.84,-1.04
1356.3,-0.2
1302.25,-0.55
1300.17,-0.79
1294.58,-0.4
1282.59,0.57
1315.04,-1.12
1362.16,0.63
1373.9,0.63
1349.45,-0.51
1363.65,0.54
1344.68,1.14
1336.52,0.57
1346.84,1.2
1293.08,-0.61
1293.0,0.54
1234.28,-0.5
1242.6,0.97
1269.56,0.55
1269.28,1.07
1297.28,0.61
1280.57,0.32
1278.29,1.51
1270.83,0.6
1231.3,0.42
1080.92,0.57
1119.7,1.53
1225.41,-1.45
1159.76,0.35
1162.05,0.02
1226.23,0.47
1171.43,1.08
1172.19,0.73
1277.95,1.43
1280.48,1.12
1214.15,0.74
1181.03,0.01
1178.37,-0.06
1163.28,1.48
1160.11,-0.25
1180.47,0.49
1216.15,-0.25
1197.76,0.56
1199.81,1.14
1206.58,-0.08
1209.65,0.05
1185.0,-1.53
1163.53,0.09
1191.75,1.57
1227.5,0.61
1273.39,1.17
1256.72,0.82
1193.61,1.22
1177.75,0.83
1178.36,1.2
1221.05,0.0
1183.17,0.65
1147.68,0.93
1087.47,-0.97
1158.4,0.2
1191.38,-0.02
1190.74,-0.01
1129.72,-0.24
1081.84,1.04
1168.43,0.47
1115.86,0.39
1114.99,-0.71
1186.12,0.25
1210.58,0.01
1199.12,0.32
1191.06,0.21
1160.49,0.82
1113.1,-0.45
1169.61,0.98
1212.24,0.57
1206.72,0.32
1218.02,-0.45
1233.56,1.36
1225.43,0.76
1222.71,0.09
1232.3,0.85
1185.56,-0.13
1163.06,-0.85
1153.19,0.09
1181.72,0.2
1195.86,0.01
1231.74,-0.21
1238.85,-0.04
1226.78,-0.2
1215.5,0.18
1204.64,0.47
1235.69,0.6
1250.86,-0.33
1236.27,0.76
1204.41,0.03
1236.09,0.08
1266.12,0.04
1262.9,0.6
1272.7,1.09
1246.34,-0.26
1237.76,0.16
1216.36,-0.31
1234.45,1.49
1239.01,1.01
1235.09,-0.89
1250.97,-0.39
1274.57,-0.3
1307.12,0.14
1279.66,-0.5
1252.0,0.51
1257.38,-0.53
1212.76,-0.86
1212.27,0.25
1216.32,0.28
1250.65,-0.34
1270.67,-0.81
1235.83,1.14
1215.49,0.1
1232.94,-0.22
1274.13,-0.09
1213.61,-0.1
1221.36,-0.19
1216.35,1.3
1176.5,1.1
1166.13,-0.55
1187.92,0.72
1218.87,-0.24
1213.33,0.32
1199.64,1.65
1200.11,0.57
1172.14,1.23
1160.75,0.73
1179.13,1.58
1201.92,0.44
1134.07,1.2
1134.97,1.27
1138.78,0.47
1137.04,0.18
1109.28,-0.99
1118.0,-0.12
1120.16,0.27
1089.22,-0.71
1115.23,-0.08
1109.92,0.21
1108.59,0.51
1106.93,0.78
1093.06,-0.62
1017.62,1.27
1042.79,0.55
1074.57,0.48
1094.18,-1.16
1081.74,-0.97
1112.42,0.21
1146.69,-0.61
1112.84,0.04
1114.64,-1.18
1049.86,0.08
1069.36,0.72
1132.69,0.42
1126.85,-0.93
1108.32,0.53
1062.18,0.26
1107.47,-0.02
1143.07,1.36
1085.18,0.21
1109.37,1.19
1158.85,-0.99
1142.64,0.6
1110.08,1.13
1136.02,-0.51
1169.42,-0.75
1137.01,0.21
1108.75,0.45
1103.98,0.02
1115.49,0.75
1141.48,0.02
1106.75,0.15
1099.8,-0.42
1107.0,-1.18
1142.34,1.47
1139.75,0.69
1155.4,0.91
1168.22,0.53
1066.11,0.04
1097.49,-0.03
1135.92,-1.29
1081.95,-0.23
1061.01,0.0
1109.66,1.72
1151.63,-0.61
1075.49,-1.05
1086.73,0.14
963.05,-0.68
974.38,-0.32
1101.97,-0.1
1078.8,-0.91
1027.5,-0.03
1027.72,0.7
1132.26,-0.18
1141.0,-0.41
928.78,0.03
1004.07,1.8
1052.38,0.2
1085.49,0.93
1059.54,-0.28
945.21,0.47
950.42,0.02
974.1,-0.89
749.73,0.53
623.16,0.96
865.87,-0.18
974.44,1.02
732.81,-0.94
719.53,0.15
735.23,0.6
894.69,0.28
907.49,0.03
779.8,0.14
789.67,0.41
717.97,1.24
596.45,0.54
677.69,-0.12
742.4,-0.46
769.4,-0.71
781.7,-0.1
819.79,-0.43
919.09,1.3
847.01,0.37
735.02,0.48
800.72,-0.34
822.38,1.68
807.21,-0.47
682.35,0.53
714.59,-0.13
739.49,-0.09
736.59,-0.4
801.39,-0.54
723.81,-0.65
553.56,0.93
551.06,0.81
639.77,0.93
652.78,0.19
744.86,0.74
807.52,0.6
643.2,0.02
669.03,-0.02
718.71,0.21
653.0,-0.18
645.89,-1.56
728.74,-0.77
747.52,2.12
801.09,1.23
723.24,-0.32
684.82,0.83
683.1,-0.48
748.72,0.91
758.19,0.65
753.39,-0.92
744.57,-0.96
708.43,0.23
692.29,1.47
708.55,-1.81
702.75,0.82
678.24,0.25
701.07,-1.29
711.15,1.2
739.17,1.56
786.18,1.37
804.44,1.38
761.99,0.6
780.57,0.14
752.28,-0.09
738.23,-0.42
757.29,0.06
686.37,0.38
698.56,-0.72
708.88,0.8
637.26,0.1
678.56,0.64
661.43,0.46
629.28,1.27
646.93,1.51
671.75,-0.09
733.91,1.33
719.43,-0.3
665.77,0.32
642.63,-0.19
671.48,-1.34
660.35,0.34
646.35,1.11
728.04,-0.47
740.25,-0.15
681.46,0.57
672.01,-0.3
697.08,0.19
693.44,1.23
637.95,-0.51
645.87,1.18
656.6,-1.06
620.17,0.64
574.12,0.51
602.28,2.22
624.45,-0.76
649.36,0.32
617.66,0.26
563.53,-0.98
543.84,0.42
567.11,1.0
532.42,-0.29
521.52,0.48
476.78,1.98
517.94,0.42
532.12,-0.17
553.15,-0.1
587.44,1.25
581.96,0.7
588.56,0.05
634.76,1.67
635.78,0.02
572.88,-0.16
639.19,0.48
641.04,-0.33
628.82,-1.02
704.88,0.78
682.91,-0.76
624.72,0.12
611.6,1.42
609.9,0.02
667.21,-0.4
696.29,0.95
691.98,-0.71
647.38,0.91
628.8,0.49
678.24,0.81
707.07,0.61
677.51,0.85
670.17,-1.04
717.31,0.68
741.96,1.53
668.79,0.34
683.05,0.67
673.55,0.15
676.71,0.31
710.11,0.64
696.23,0.14
668.52,-0.98
698.89,-0.41
702.35,0.92
689.49,-0.18
731.26,0.32
742.22,1.19
748.28,0.98
743.23,-0.27
774.08,1.85
779.27,-1.3
767.11,0.19
732.04,0.97
737.32,1.28
700.01,0.64
727.23,0.05
776.25,-1.42
761.43,0.36
733.52,0.17
724.27,0.51
741.97,1.08
724.41,-0.39
718.96,0.61
730.18,-0.87
776.62,1.15
793.12,0.26
764.03,0.45
787.3,0.8
782.24,0.46
780.98,0.95
780.49,0.72
775.45,-0.56
803.26,-0.17
812.05,-0.6
783.94,1.14
759.27,2.31
741.83,0.15
775.76,1.04
789.85,0.14
736.0,-0.57
731.5,0.66
725.78,2.5
748.29,1.86
761.0,-0.2
762.93,-1.13
779.23,0.83
800.11,0.04
757.66,-0.98
760.97,-0.36
728.76,0.51
718.22,0.09
734.9,1.34
699.32,-0.22
702.85,-0.39
726.53,0.82
752.06,0.88
770.23,0.73
773.29,0.74
785.7,0.58
790.22,0.55
779.29,-0.4
792.6,-0.86
821.2,1.21
831.34,0.31
815.48,0.7
807.57,-1.01
821.5,0.44
816.9,-0.02
838.65,1.31
854.54,0.36
849.27,-0.71
834.04,0.02
853.5,0.26
867.57,-0.25
832.3,-1.19
843.42,0.41
884.27,-0.2
868.54,-0.64
824.75,-0.42
819.35,0.2
824.74,-0.39
825.77,1.48
850.83,1.31
873.0,-0.48
877.04,0.91
872.24,-0.23
878.53,1.43
901.99,0.25
890.51,-0.24
848.02,0.11
832.81,-0.03
828.51,0.87
850.2,1.35
857.05,0.67
861.12,0.19
886.72,0.16
883.51,0.55
876.53,-0.96
880.21,0.1
903.91,-1.19
920.06,-0.37
908.0,1.23
908.48,0.05
938.54,0.64
930.23,-0.67
901.55,-1.55
877.71,-0.48
905.64,-0.08
936.74,0.11
936.67,0.39
884.29,1.76
850.86,-0.35
863.49,-0.28
882.85,-0.02
892.57,1.15
901.81,0.1
915.48,1.13
917.51,-0.12
907.65,1.3
934.95,0.21
946.81,0.23
929.75,-0.93
945.82,-1.47
953.24,0.23
929.76,0.05
952.04,-0.03
944.07,-0.26
942.49,-0.02
933.53,0.7
899.59,0.99
925.2,0.39
886.52,0.47
876.77,1.03
881.46,0.23
886.35,-0.31
889.55,0.25
887.15,2.13
917.49,1.01
946.52,-0.45
956.87,2.01
931.28,-0.53
927.14,0.42
948.69,-0.1
973.55,0.83
978.46,0.03
943.74,0.89
930.56,0.07
942.48,0.86
984.6,0.4
979.21,-0.82
918.52,-0.0
927.45,-0.54
955.19,1.32
969.12,0.56
948.75,0.17
967.91,-0.16
971.04,-0.12
937.76,-0.31
931.35,-0.69
942.53,-0.42
955.24,-0.84
961.73,1.82
970.13,-0.34
976.76,0.51
945.26,-1.31
935.93,0.65
949.8,0.86
963.01,-0.21
965.76,-0.39
972.99,-0.0
984.05,-1.4
988.88,0.34
978.25,-0.29
955.42,-0.23
971.23,1.0
986.74,1.1
985.99,0.76
983.26,0.62
1001.55,-0.17
1006.6,1.2
980.54,-0.25
1000.02,-0.14
1015.75,2.21
990.76,0.1
1018.32,0.62
1032.25,0.76
987.43,0.27
956.07,-0.35
962.19,0.01
951.1,0.3
963.61,0.64
944.09,0.56
911.94,-1.48
920.36,-0.32
977.44,0.23
1005.83,0.15
924.81,-0.25
903.17,0.55
909.0,0.42
919.72,1.57
916.49,1.58
916.95,-1.16
901.3,0.38
930.49,1.05
956.5,-0.07
951.73,1.38
965.29,0.28
974.92,0.45
959.32,-1.61
955.97,-0.76
939.05,0.89
943.91,-0.9
960.26,-0.12
973.0,0.38
968.52,-1.0
958.03,0.11
983.2,0.32
991.25,0.3
989.49,0.1
993.01,1.22
1004.98,-0.07
1005.0,-0.74
989.89,-0.28
1004.52,-0.31
1026.04,-1.17
1032.39,-0.48
1006.05,-0.94
1008.99,-1.05
1029.49,0.94
1030.28,-0.34
1020.01,1.11
1018.5,-0.09
1032.77,0.33
1029.0,1.03
1015.35,-0.37
1028.73,0.6
1045.76,-0.35
1053.59,-0.22
1030.29,0.89
1025.39,0.65
1054.23,0.67
1050.01,-1.21
1041.08,0.17
1080.02,0.47
1091.33,-1.01
1036.34,-2.31
1041.99,-0.48
1074.39,-0.45
1057.5,0.07
1041.62,-0.33
1094.42,0.76
1100.92,1.15
1032.57,0.51
1045.46,-0.05
1071.34,0.62
1064.87,-0.38
1089.99,0.34
1155.44,0.31
1094.16,-0.16
919.6,0.23
937.76,-0.78
997.71,1.09
1000.03,0.64
1048.54,-0.9
1059.8,-1.23
1003.91,0.69
1011.54,0.86
1030.12,-0.05
1022.06,0.31
928.0,-0.28
962.29,1.53
940.34,0.85
914.9,-0.08
899.31,-1.33
948.31,-0.66
966.37,0.04
909.0,-0.05
966.83,-0.14
1011.99,-0.82
945.99,-0.35
905.51,-0.25
909.67,1.93
893.73,0.61
912.06,0.22
939.2,0.16
935.98,0.45
958.35,0.01
967.49,0.9
974.73,0.03
1001.02,0.29
999.99,2.11
980.1,0.14
970.2,0.03
936.0,-0.02
974.1,0.77
982.07,0.25
926.06,0.73
904.72,0.54
891.32,0.88
872.03,-1.01
840.17,-0.6
877.73,0.47
920.98,0.52
928.51,-0.14
923.89,-0.26
957.44,0.27
982.35,1.0
976.2,0.42
935.85,1.58
924.99,0.26
934.54,1.14
906.5,0.74
917.61,0.07
944.37,-0.04
972.73,0.69
993.89,0.01
984.32,1.28
949.07,-0.84
940.77,1.13
976.9,0.13
981.49,-0.12
999.18,1.19
988.24,-0.04
980.7,1.95
1024.37,1.23
1024.72,0.08
962.91,-0.02
949.56,-2.11
941.24,0.35
925.62,-0.25
960.88,1.01
975.35,0.64
940.78,0.2
954.26,0.13
959.36,0.68
916.76,-0.15
920.75,-0.16
908.0,0.26
929.24,1.13
904.54,0.23
879.52,-0.63
911.93,-0.28
942.25,1.61
969.75,0.79
950.29,0.15
950.77,-0.05
952.42,1.78
965.75,1.65
985.24,1.81
983.49,-0.0
983.47,0.85
988.98,1.21
975.91,0.24
997.4,-0.21
1018.73,0.22
1008.59,1.55
971.57,-0.73
1005.6,-1.34
1010.0,0.55
1008.21,0.42
1012.51,-0.47
1011.54,1.55
1014.52,1.26
981.63,-0.49
1010.89,1.62
1031.81,-0.16
1016.51,0.57
1025.69,-0.31
1026.51,0.89
1024.97,1.14
1046.51,-0.31
1042.23,-0.72
1052.39,-1.44
1053.58,0.67
1022.79,-0.95
1032.48,-0.63
1032.57,0.08
1050.5,0.17
1065.42,-0.76
1054.25,-0.86
1044.72,-0.36
1049.5,0.52
1041.51,-0.48
1047.48,0.26
1048.78,0.19
1035.46,-0.2
1069.19,-0.11
1097.33,0.98
1102.96,0.7
1085.28,0.57
1094.46,-0.38
1090.66,-1.28
1086.98,-0.39
1085.41,0.93
1040.26,0.48
1034.13,0.61
1062.42,2.68
1086.34,0.48
1074.64,0.39
1040.78,1.3
1072.83,-0.19
1063.34,0.34
1052.96,0.84
1021.61,0.83
1038.06,-0.35
1078.91,1.24
1087.98,-1.0
1092.24,0.54
1086.02,0.64
1084.3,-0.19
1092.54,1.1
1104.74,1.16
1114.77,1.35
1117.54,-0.99
1101.76,-0.57
1107.47,-0.32
1109.25,-0.01
1101.61,0.26
1116.99,1.38
1133.53,0.16
1122.75,0.62
1121.25,0.09
1129.5,-0.51
1135.02,-1.05
1128.25,0.24
1119.79,1.03
1137.48,0.22
1133.01,1.03
1145.23,-0.94
1153.59,0.14
1135.49,0.53
1129.79,0.29
1133.32,-0.48
1153.71,0.51
1150.26,-0.87
1160.24,1.57
1185.61,0.55
1156.51,0.02
1141.27,0.12
1151.24,-0.47
1155.73,0.76
1150.52,0.68
1185.06,0.97
1198.53,-0.25
1136.34,0.1
1122.72,1.72
1167.41,-0.02
1175.75,-0.56
1164.28,-0.04
1167.82,0.44
1184.73,-0.21
1201.55,1.09
1195.76,0.26
1177.83,0.78
1190.45,0.25
1202.25,-0.31
1195.51,0.11
1199.27,0.78
1231.92,-0.39
1256.68,0.75
1207.58,1.01
1177.24,1.41
1157.68,-0.45
1194.51,0.07
1218.68,-0.81
1172.51,-0.84
1166.81,-0.83
1207.55,1.59
1201.06,0.06
1175.52,0.48
1208.81,0.13
1220.29,0.93
1176.3,0.56
1207.65,-0.05
1210.34,0.23
1165.29,-0.67
1117.11,1.75
1115.68,0.2
1131.0,1.31
1168.7,0.29
1166.5,1.08
1147.75,-1.19
1172.22,-0.05
1193.53,0.33
1170.63,-0.17
1176.57,0.77
1199.23,0.69
1197.51,1.15
1204.99,0.84
1208.75,1.17
1208.25,0.34
1216.81,1.57
1214.3,-1.0
1219.98,-0.81
1212.9,-0.03
1195.81,0.7
1189.0,-0.03
1199.14,0.26
1210.74,-1.17
1163.37,-0.32
1155.79,0.48
1190.23,1.91
1211.0,0.15
1198.35,-0.19
1202.84,1.73
1219.51,0.15
1227.5,0.16
1250.85,1.13
1255.79,0.14
1253.2,0.77
1229.55,-1.38
1205.5,1.24
1210.51,1.33
1224.51,1.61
1244.71,0.26
1222.27,0.66
1231.82,0.99
1227.19,0.68
1206.0,1.4
1188.38,-1.23
1216.23,0.23
1246.36,-0.28
1221.93,0.58
1203.84,0.29
1192.75,-0.88
1174.9,0.31
1191.27,-2.02
1224.97,0.85
1249.31,0.22
1210.77,0.67
1214.27,0.19
1191.42,1.1
1172.8,1.02
1172.81,-0.07
1168.09,0.23
1178.7,-0.11
1147.5,-0.08
1157.29,1.58
1183.11,0.51
1144.24,-0.52
1145.72,0.85
1137.83,-0.02
1136.12,1.44
1188.9,0.97
1184.55,-1.28
1163.5,0.23
1140.81,1.02
1128.92,1.02
1148.98,0.35
1169.15,1.43
1175.77,-1.05
1205.91,-1.03
1214.5,0.62
1219.23,-0.69
1262.3,-0.67
1260.52,0.41
1208.54,0.33
1189.95,0.11
1205.07,0.37
1204.65,-0.57
1200.75,0.36
1159.91,-0.97
1192.42,0.13
1194.37,0.54
1220.14,0.65
1223.28,0.26
1244.22,-0.3
1243.04,-0.04
1205.1,0.55
1209.34,0.47
1225.41,-0.45
1207.52,0.87
1190.48,0.37
1213.06,-0.03
1176.55,-0.08
1147.58,-0.11
994.75,0.24
1029.21,0.98
976.76,1.05
981.55,1.49
1034.93,-0.67
1077.18,0.17
1130.08,0.03
1144.09,0.08
1047.3,0.3
1007.0,-0.07
978.83,-1.12
1010.3,0.89
1067.62,1.08
1024.03,0.29
1001.76,-0.46
1064.82,-0.19
1082.98,-0.7
1138.03,-0.12
1155.87,1.0
1033.66,0.1
1005.25,1.52
1103.37,0.14
1127.44,-0.11
1029.74,0.28
1023.79,0.74
1020.85,-0.44
1027.79,-0.3
1088.88,-0.47
1100.62,0.09
1116.06,0.15
1174.08,-0.11
1102.84,0.86
1007.67,-0.42
962.42,-0.34
1020.36,-0.17
1082.99,0.22
1062.58,0.13
1100.81,-1.52
1071.32,0.23
958.4,0.55
946.12,0.48
988.86,-0.65
1021.48,1.13
1014.27,0.65
1057.78,0.13
1074.74,0.12
1077.94,0.81
1080.97,0.5
1117.73,0.24
1077.8,0.58
1107.3,1.55
1092.01,0.18
1066.8,1.67
1107.15,-0.24
1149.28,0.49
1101.67,1.32
1075.18,0.38
1166.0,-0.08
1240.18,1.03
1170.6,0.24
1110.2,0.9
1108.0,1.04
1128.61,-0.02
1130.94,1.02
1158.79,0.29
1196.75,0.57
1106.83,0.21
1104.13,0.37
1155.74,1.35
1156.49,1.38
1174.95,0.08
1145.19,0.08
1133.59,0.7
1130.04,1.68
1105.18,1.44
1107.33,1.1
1041.09,-0.22
1025.51,0.04
1068.65,0.2
1039.04,0.09
1078.54,-0.11
1123.05,-0.04
1136.49,-0.1
1149.03,0.17
1162.33,0.39
1171.23,-0.37
1132.04,-0.25
1158.35,0.66
1144.68,-0.83
1132.04,0.17
1098.01,0.2
1112.29,0.2
1119.11,1.53
1069.59,0.25
1099.89,0.34
1108.04,0.05
1123.38,0.31
1163.84,0.68
1169.92,-0.69
1133.8,0.3
1128.06,-0.08
1160.13,0.46
1180.11,0.22
1166.73,-0.08
1163.21,1.46
1164.5,1.03
1160.54,1.42
1177.22,0.8
1192.34,0.67
1189.0,0.03
1169.01,-0.72
1168.65,1.11
1182.03,1.24
1201.73,-0.01
1208.27,0.83
1210.76,0.51
1200.99,-0.66
1214.2,0.99
1225.71,-0.37
1216.3,0.0
1198.72,0.09
1191.11,-0.38
1201.5,0.58
1207.08,-0.54
1222.2,0.68
1228.5,2.11
1232.72,0.38
1249.05,-0.18
1243.49,-0.52
1240.72,-0.03
1251.54,0.3
1248.54,1.38
1224.38,1.05
1230.77,-0.37
1264.25,0.46
1262.79,0.47
1245.04,-0.63
1257.73,-0.03
1257.75,0.7
1260.97,-0.13
1274.56,-0.4
1253.75,-0.61
1272.76,-0.12
1291.87,-1.01
1278.56,0.04
1227.09,-0.07
1228.43,-0.26
1248.0,1.47
1261.49,-0.34
1246.33,1.88
1274.92,1.08
1281.79,-0.04
1290.23,-0.47
1302.76,2.24
1306.49,0.56
1312.63,0.99
1314.93,0.55
1282.28,0.46
1271.74,1.07
1318.76,0.8
1329.56,-0.55
1298.99,0.04
1288.51,1.19
1306.73,-0.24
1325.94,-0.55
1328.05,0.85
1313.27,0.1
1306.18,1.32
1298.1,-0.21
1291.94,0.7
1250.3,0.01
1261.25,1.35
1291.8,0.64
1273.77,-0.18
1250.43,-0.26
1280.66,-0.21
1288.54,1.17
1288.68,1.1
1285.84,0.35
1250.83,0.48
1254.16,0.61
1273.49,1.02
1291.2,-0.6
1298.72,0.33
1297.25,0.02
1310.58,-0.07
1329.29,0.62
1333.23,0.06
1275.15,-0.62
1271.82,0.64
1260.23,-1.31
1249.72,0.51
1273.5,0.73
1268.06,1.13
1250.39,0.46
1257.59,1.97
1258.11,1.35
1218.66,1.06
1177.48,0.64
1211.63,0.35
1220.26,-0.53
1200.94,1.56
1214.2,-0.61
1229.3,2.2
1257.61,0.79
1247.79,1.92
1246.09,-0.49
1184.29,0.08
1155.67,0.17
1145.22,-0.2
1196.07,0.65
1224.79,-0.89
1248.56,1.09
1207.01,-1.23
1221.15,-0.07
1198.01,-0.2
1213.04,-0.12
1242.92,-0.31
1238.98,1.84
1279.25,-1.24
1281.54,0.1
1243.45,1.56
1250.53,-1.02
1207.04,-1.82
1221.72,-1.69
1231.47,-0.6
1189.93,-0.47
1229.14,2.55
1260.49,1.9
1289.5,0.2
1287.51,-0.85
1270.93,-0.49
1272.23,0.75
1255.63,0.78
1245.24,0.75
1216.01,-0.01
1250.4,1.28
1247.54,0.13
1241.66,-0.02
1272.46,0.66
1316.33,-0.19
1299.36,1.09
1264.45,-0.98
1236.74,0.32
1213.45,-0.22
1217.28,0.07
1270.63,-0.82
1297.83,-0.46
1303.89,0.68
1287.56,1.3
1234.73,0.55
1272.44,-0.15
1296.5,0.3
1299.99,0.62
1306.74,-1.1
1309.5,-0.17
1304.99,1.68
1308.99,0.79
1306.5,0.84
1299.58,-1.29
1315.73,0.5
1327.51,0.67
1329.79,-0.83
1332.61,-0.37
1331.12,1.5
1300.55,0.08
1311.71,0.82
1320.26,0.15
1325.07,-0.02
1326.08,3.27
1305.25,0.02
1317.01,0.91
1318.0,1.78
1307.23,0.95
1280.67,0.42
1318.16,1.61
1355.6,0.2
1332.51,0.73
1326.8,0.33
1320.62,1.13
1344.26,-0.35
1376.0,1.02
1370.0,1.64
1375.54,1.69
1371.0,-0.48
1369.74,0.03
1382.67,0.84
1389.68,-1.7
1361.05,-1.99
1339.26,1.72
1357.5,0.75
1346.25,-0.42
1345.49,0.49
1345.28,0.61
1345.08,0.46
1368.98,1.72
1390.26,0.08
1389.42,-0.02
1367.91,-0.41
1347.52,0.2
1349.54,-0.51
1325.87,0.16
1323.22,1.54
1352.74,-0.38
1397.07,0.37
1399.8,-0.69
1363.12,0.77
1362.83,-0.22
1325.76,1.13
1330.31,-0.4
1329.02,0.71
1324.52,0.82
1312.5,-0.86
1323.69,1.34
1314.26,0.52
1335.94,0.03
1314.78,0.8
1346.63,0.34
1380.52,-1.47
1327.93,1.2
1292.5,1.27
1289.73,0.4
1318.52,1.09
1310.95,-0.54
1279.85,-0.4
1253.35,-0.28
1244.1,0.66
1279.96,-0.23
1289.51,-0.66
1290.54,0.33
1311.7,0.67
1332.94,0.41
1305.3,-0.46
1296.81,-0.33
1328.25,-0.54
1338.32,1.23
1330.55,-0.53
1317.0,-0.68
1311.52,-0.37
1322.24,1.76
1326.25,-0.24
1319.34,2.31
1346.99,-1.6
1356.39,-0.05
1334.0,0.8
1318.89,0.38
1332.25,1.55
1361.48,0.76
1390.06,0.08
1373.92,0.23
1327.31,0.53
1368.96,-0.21
1365.43,0.74
1349.03,-0.17
1257.31,0.13
1299.84,0.73
1365.96,1.96
1376.25,0.09
1388.55,-0.25
1379.25,-1.9
1365.77,0.07
1368.3,1.82
1387.21,0.33
1395.54,-1.61
1388.25,1.6
1385.98,-0.0
1377.54,1.15
1383.99,1.56
1392.01,1.0
1405.71,0.13
1404.01,0.15
1402.27,0.73
1414.49,0.21
1416.25,0.77
1428.0,-0.15
1415.0,-0.3
1420.0,-0.18
1434.54,-0.17
1406.79,0.56
1427.98,-0.5
1425.49,-0.26
1412.8,-0.35
1431.73,-0.2
1432.25,0.69
1439.24,-0.66
1441.01,0.15
1436.49,-0.94
1445.79,0.5
1472.48,0.75
1435.27,-1.18
1438.69,0.14
1458.2,0.84
1400.28,-0.57
1390.53,0.31
1429.64,-0.33
1437.26,0.88
1412.92,-0.33
1419.96,0.43
1449.23,0.57
1459.75,0.28
1457.76,-0.48
1464.24,0.64
1477.49,0.47
1468.01,-0.19
1471.74,1.31
1502.08,-0.07
1489.14,0.1
1467.95,-0.01
1462.24,-0.87
1478.76,-0.3
1463.75,0.43
1465.97,0.5
1469.24,-0.51
1482.98,0.84
1477.73,1.35
1486.22,0.53
1492.57,-1.0
1502.11,0.62
1487.11,1.1
1485.52,0.92
1451.15,0.65
1470.5,0.17
1466.53,-0.33
1497.17,0.46
1559.16,-0.24
1543.64,0.14
1471.0,0.16
1508.8,0.09
1475.02,-0.23
1452.8,-0.53
1462.75,1.66
1457.25,1.0
1479.21,1.04
1499.0,1.48
1506.23,-0.07
1495.28,-0.23
1513.98,0.24
1524.02,-0.2
1493.59,1.0
1491.78,-0.25
1516.02,0.5
1530.53,-0.94
1537.74,1.09
1552.73,0.17
1552.25,1.43
1547.0,0.55
1537.66,0.83
1555.73,0.72
1577.48,0.58
1563.59,-0.72
1578.48,0.09
1604.64,-0.03
1621.33,1.13
1597.43,-0.22
1567.45,-0.36
1576.47,0.3
1585.28,0.9
1586.15,0.97
1602.18,0.49
1562.02,0.11
1579.05,1.49
1582.54,-0.61
1523.83,-0.45
1512.05,0.62
1560.72,-0.17
1595.28,-0.57
1579.46,0.26
1525.11,0.69
1538.77,0.48
1537.63,0.78
1566.23,1.89
1638.04,2.11
1605.91,0.14
1542.25,-0.85
1529.96,0.59
1480.59,0.87
1477.85,2.14
1509.22,0.77
1541.51,-0.46
1528.0,-0.02
1539.74,-1.48
1532.76,0.75
1511.1,0.41
1534.88,0.53
1555.29,0.76
1559.14,0.77
1567.13,0.25
1590.51,1.27
1603.5,0.64
1615.53,0.64
1600.25,1.6
1600.74,0.55
1600.05,-0.9
1612.97,-0.86
1632.57,-0.43
1637.66,0.35
1624.56,-0.71
1614.72,-1.0
1613.46,1.58
1612.25,-0.5
1610.75,0.64
1603.85,-0.37
1621.72,0.49
1643.56,0.44
1653.48,0.72
1630.52,-0.31
1620.49,-0.39
1637.11,1.08
1622.01,-0.19
1615.98,-0.23
1650.84,-0.69
1646.37,0.54
1600.6,0.34
1593.3,-0.08
1586.3,1.71
1594.37,-0.47
1552.41,0.75
1567.47,1.13
1619.29,0.44
1617.29,1.0
1560.5,-0.42
1563.5,0.19
1569.73,0.07
1564.47,0.77
1552.16,0.06
1584.71,1.88
1584.25,0.3
1555.82,-0.19
1579.11,0.61
1603.74,0.97
1620.73,-0.75
1605.33,0.01
1619.46,-0.36
1624.01,0.03
1614.22,0.63
1650.67,-1.68
1681.65,0.36
1660.66,-0.13
1638.53,0.47
1634.26,0.28
1631.27,0.59
1654.08,-0.24
1620.0,1.33
1612.23,1.61
1643.96,1.85
1629.06,-0.05
1605.0,1.19
1638.92,-0.25
1634.2,-0.85
1586.25,-1.3
1556.25,0.7
1590.45,0.61
1607.81,-1.41
1635.9,0.23
1617.87,-1.26
1616.82,-0.02
1639.37,0.54
1669.24,1.3
1678.25,-0.46
1685.73,0.23
1674.75,-0.33
1676.77,-0.68
1682.26,0.61
1699.0,1.1
1712.8,0.77
1702.78,-0.34
1692.75,1.06
1690.74,0.68
1700.24,0.54
1705.82,-2.07
1723.82,0.38
1664.72,0.74
1685.14,1.33
1716.57,-0.14
1686.39,-0.03
1687.88,1.58
1720.49,0.91
1738.28,-0.53
1740.09,0.31
1732.04,0.05
1702.38,0.92
1710.82,0.02
1735.49,-0.59
1738.75,-0.84
1738.25,0.81
1753.03,0.37
1763.19,0.01
1760.0,1.37
1736.52,0.35
1725.97,-0.18
1702.26,-0.98
1729.95,0.17
1775.44,-0.64
1774.31,0.38
1728.29,-0.07
1725.09,-0.84
1710.25,0.54
1717.93,-0.01
1694.32,0.26
1708.71,0.36
1727.43,0.39
1745.54,-0.15
1756.3,1.16
1763.77,-0.14
1779.24,0.75
1781.5,-1.52
1793.59,0.68
1798.13,0.81
1778.28,-0.1
1771.5,0.6
1758.03,0.6
1772.48,0.62
1777.5,0.73
1794.7,-0.53
1798.7,0.53
1740.44,0.09
1757.77,0.9
1790.27,0.25
1792.8,0.5
1775.0,0.18
1796.67,0.19
1842.12,1.81
1818.81,0.14
1737.31,0.23
1720.76,-0.03
1745.8,-0.48
1719.26,1.19
1766.58,1.19
1751.96,1.94
1685.0,0.9
1680.75,-0.26
1665.21,0.33
1672.69,0.3
1703.53,-1.26
1716.98,1.1
1751.7,-1.06
1758.5,0.56
1741.13,0.49
1772.71,0.21
1798.16,1.05
1762.79,1.83
1770.45,-0.07
1777.26,1.96
1782.47,-0.17
1798.54,0.62
1783.01,0.3
1801.51,0.54
1794.25,-0.33
1755.22,0.74
1789.75,0.86
1818.75,-0.77
1828.28,0.73
1828.29,0.84
1834.9,0.3
1833.03,0.56
1829.74,0.62
1804.6,0.67
1772.35,0.61
1786.65,-0.04
1818.26,0.61
1791.28,0.38
1821.8,-0.32
1816.53,0.72
1803.5,1.73
1826.7,0.42
1798.5,-0.8
1776.13,1.12
1787.83,0.51
1796.64,0.2
1817.98,0.69
1856.8,-0.65
1879.89,1.18
1839.92,-0.82
1784.27,0.46
1805.58,1.37
1856.96,-0.4
1803.81,1.31
1757.5,0.32
1741.57,0.79
1758.34,-0.78
1790.04,0.17
1799.26,0.67
1806.77,1.65
1823.48,-0.07
1847.21,-1.55
1846.32,0.37
1803.27,0.6
1797.25,0.69
1817.5,0.2
1827.23,0.93
1843.36,-0.21
1839.33,0.49
1837.08,1.19
1814.25,0.96
1819.95,0.61
1814.77,2.31
1798.29,0.41
1838.7,0.42
1881.9,0.14
1860.53,0.53
1813.99,0.46
1826.23,-0.33
1834.24,0.54
1804.14,0.38
1814.32,-0.1
1829.55,1.05
1841.76,-0.24
1852.99,0.07
1853.27,1.74
1863.99,0.92
1873.0,0.9
1872.74,0.74
1871.25,-0.1
1857.64,1.06
1867.34,-1.03
1897.48,-0.25
1910.04,1.49
1922.75,0.99
1909.87,-0.12
1882.75,0.14
1883.99,1.87
1879.5,1.18
1874.11,-1.09
1889.75,-0.24
1903.75,0.84
1922.06,0.09
1924.84,-0.38
1906.51,0.52
1903.98,0.08
1897.25,-0.31
1901.76,0.78
1898.84,0.55
1914.5,-1.06
1926.25,0.84
1951.17,-0.05
1940.31,-0.63
1928.81,-0.08
1933.54,-0.57
1900.8,-2.03
1917.74,0.37
1927.49,0.69
1939.36,0.84
1956.87,0.54
1899.55,0.13
1908.19,0.01
1912.8,1.04
1922.52,0.3
1946.53,1.44
1955.65,0.91
1937.53,1.01
1937.54,-1.58
1964.33,-0.0
1973.35,-0.73
1895.55,0.23
1883.02,-1.17
1903.68,-0.68
1883.31,0.37
1888.42,1.27
1842.72,0.01
1851.0,-0.55
1887.24,0.43
1874.59,-0.59
1900.22,0.63
1901.26,0.56
1885.7,-0.88
1912.04,-0.05
1926.02,-0.27
1934.99,-1.25
1942.5,-0.04
1940.01,-0.21
1950.5,-0.36
1964.78,1.72
1958.75,1.6
1954.73,0.15
1957.24,0.64
1963.26,1.47
1967.54,0.25
1956.49,-0.1
1972.31,0.94
1973.62,-0.66
1948.25,0.37
1957.77,0.27
1969.36,1.08
1943.5,1.63
1930.3,1.53
1937.52,0.64
1949.27,0.08
1985.38,-0.16
2001.27,-0.28
1965.85,-0.39
1949.07,0.62
1972.73,1.25
1932.01,-0.87
1939.47,-0.12
1959.65,0.05
1972.96,-0.09
1907.49,0.01
1875.2,0.76
1941.47,1.0
1955.11,-0.49
1904.05,-0.33
1955.91,-0.41
1938.75,0.17
1889.67,-0.16
1887.27,1.01
1898.25,0.85
1777.59,0.58
1765.35,0.83
1818.03,0.89
1824.68,-2.06
1870.19,1.38
1881.79,-1.45
1892.48,0.76
1903.95,0.26
1909.04,-0.21
1942.23,-0.39
1915.94,0.89
1909.22,0.66
1971.43,1.01
1982.51,0.78
1959.54,0.45
1970.52,1.13
1985.72,-0.43
1984.03,0.54
1996.73,1.01
2009.52,1.17
1998.24,0.51
2003.26,-0.9
2003.49,0.75
1995.49,0.67
2018.0,1.3
2003.77,-0.44
1995.61,0.41
2018.0,0.11
2031.5,-0.53
2036.25,-0.3
2059.97,0.01
2044.83,-1.28
2004.84,0.93
2024.72,-0.45
2036.24,0.58
2048.07,-0.78
2080.5,-0.22
2060.07,1.1
2036.16,0.74
2022.41,-2.07
2041.55,0.67
1994.67,0.02
1968.58,-1.46
1900.07,1.55
1895.16,0.44
1976.36,1.08
2025.55,0.18
2035.53,-0.72
2047.25,-0.0
2058.0,0.73
2067.03,-0.34
2088.71,1.25
2086.64,1.08
2072.7,-0.57
2077.46,-0.32
2008.41,1.52
1936.43,0.68
1960.69,1.23
2034.35,1.58
2040.76,1.51
2033.99,0.12
2015.95,0.48
1996.47,-0.45
1931.78,-1.01
1961.53,0.61
1982.25,0.92
1969.54,-0.6
1965.53,-0.26
2025.65,-0.95
2039.82,0.72
2064.84,0.19
2044.12,0.46
1974.02,0.34
2003.19,0.85
1945.42,0.85
1941.69,0.89
2002.11,0.75
1978.96,-0.87
2015.85,1.31
2029.52,-0.18
2002.58,1.15
2020.21,1.43
2018.89,0.7
2036.23,0.33
2059.74,0.77
2065.47,-0.99
2077.04,-0.25
2058.77,0.02
2062.21,0.4
2074.25,-0.28
2090.51,0.88
2092.53,0.1
2086.0,-0.12
2084.77,-0.64
2104.96,-0.08
2082.51,0.23
2092.05,1.8
2102.7,0.82
2073.64,-1.29
2081.29,-2.07
2022.76,1.01
2016.0,0.59
2032.94,-0.51
2002.65,-0.36
2034.39,1.26
2029.1,1.76
2050.81,-0.98
2045.86,-0.76
2075.46,0.89
2118.84,0.54
2119.28,-0.54
2050.33,-0.99
2018.98,0.48
2020.53,0.85
2071.78,0.1
2053.33,-0.1
2033.71,-0.28
2048.31,-0.15
1994.86,0.81
2028.66,0.53
2050.75,1.16
2042.3,0.1
2050.49,0.31
2085.57,0.12
2068.0,0.17
2061.48,-1.97
2107.66,-0.21
2094.87,-1.59
2041.32,0.46
2070.74,0.46
2074.75,0.63
2059.54,0.97
2077.71,1.22
2111.18,0.02
2096.56,-0.62
2112.11,1.58
2091.34,-0.64
2038.2,0.4
2083.74,-0.19
2130.12,-0.36
2093.34,0.85
2035.1,0.29
2029.7,0.83
2097.82,-0.04
2085.01,1.24
2066.47,0.4
2057.43,0.78
2079.95,0.38
2094.26,0.54
2102.73,-0.74
2113.53,0.22
2100.25,0.27
2131.55,0.28
2129.24,0.16
2074.28,1.16
2101.99,0.39
2115.11,-0.14
2098.3,0.38
2087.49,-1.94
2092.77,-0.03
2122.87,1.3
2096.91,-0.07
2089.92,0.38
2059.25,0.42
2029.62,1.18
2079.42,0.43
2125.36,0.69
2087.39,0.55
2050.03,1.66
2060.43,-0.71
2061.57,-0.34
2083.88,0.57
2082.29,0.26
2110.03,-0.35
2127.74,1.12
2104.84,0.33
2131.29,0.02
2094.58,0.44
2038.0,1.25
2029.81,0.48
2082.87,-0.1
2087.2,-0.6
2056.47,0.0
2060.44,0.24
2022.02,-0.42
2021.8,0.46
2000.54,-0.29
2041.77,-0.53
2081.0,1.01
2077.07,0.25
2094.0,0.85
2114.78,1.41
2126.38,-0.27
2113.87,0.24
2133.12,-1.1
2127.51,0.9
2077.32,0.5
2028.51,0.88
2052.5,-0.03
2079.48,-0.29
2100.33,-0.66
2103.36,0.75
2078.99,0.85
2084.82,0.49
2105.32,0.03
2068.99,0.5
2053.99,1.72
2117.42,-1.42
2068.99,-1.24
2046.13,-0.11
2068.5,1.07
2063.76,0.55
2097.38,0.92
2151.99,1.39
2168.89,-0.3
2231.24,0.37
2068.56,-0.37
1843.76,0.65
1794.51,-1.05
1816.8,0.62
1953.88,0.92
2048.67,-0.11
2009.85,-0.39
1861.64,0.07
1937.74,0.66
1964.68,-0.68
1880.02,1.18
1944.5,-0.82
1933.5,-0.67
1921.97,-0.23
1945.18,0.83
1917.51,-0.91
1933.53,0.51
2008.5,1.38
2010.66,-0.07
1973.14,-0.31
1993.04,0.14
1951.36,1.4
1932.0,0.35
1942.43,0.99
1966.19,0.16
1873.74,1.42
1845.99,-0.24
1890.63,0.48
1870.49,0.58
1862.37,-0.25
1949.6,0.14
1952.54,0.08
1949.71,1.01
1973.22,0.19
2012.8,-0.9
2031.54,-0.37
1997.77,0.76
1956.39,-1.22
1988.94,0.56
2018.23,1.4
2033.31,0.66
2029.81,0.55
1965.7,0.2
2005.33,1.17
2068.01,0.01
2065.76,-0.48
2040.12,-0.75
2066.67,-0.02
2093.84,0.94
2053.9,2.06
2066.97,0.89
2107.54,0.13
2108.61,1.02
2117.1,-0.02
2105.17,1.58
2066.49,-0.95
2101.95,1.38
2126.34,0.05
2082.36,-0.93
1977.01,1.06
2003.15,0.6
2016.41,0.78
2045.21,0.3
2075.25,-1.65
2100.37,1.68
2079.0,1.29
2067.98,0.03
2089.5,0.75
2088.75,0.2
2089.5,-0.03
2089.5,0.73
2089.5,0.9
2089.5,0.03
2089.5,0.52
2089.5,-0.36
2089.5,1.05
2089.5,-0.35
2089.5,-0.0
2089.5,-1.06
2089.5,0.38
2089.5,-0.69
2089.5,1.02
